{"cameraMode":{"drawMode":0,"name":"Shaded","section":"Shading Mode"},"sceneLighting":false,"audioPlay":false,"sceneViewState":{"m_AlwaysRefresh":false,"showFog":true,"showSkybox":false,"showFlares":true,"showImageEffects":true,"showParticleSystems":true,"showVisualEffectGraphs":true,"m_FxEnabled":true},"in2DMode":false,"pivot":{"x":-1.084402322769165,"y":1.1050379276275635,"z":-1.0644084215164185},"rotation":{"x":0.0018043220043182374,"y":-0.9582136273384094,"z":0.006046848837286234,"w":0.2860538363456726},"size":1.355949878692627,"orthographic":false}